promotion_id,product_id,promotion_type,discount_pct,start_date,end_date,duration_days,promo_channel,target_segment,planned_uplift_pct
PROM00001,P0001,Bundle Deal,10.8,2023-11-16,2023-11-20,4,Omnichannel,VIP Premium,15.8
PROM00002,P0001,Clearance,31.1,2024-01-24,2024-01-31,7,Online,B2B Corporate,50.9
PROM00003,P0001,Flash Sale,32.1,2024-05-08,2024-05-10,2,In-Store,All Customers,44.0
PROM00004,P0001,Weekend Special,14.4,2024-07-18,2024-07-20,2,Online,VIP Premium,18.8
PROM00005,P0001,Bundle Deal,13.8,2024-10-25,2024-10-30,5,Online,VIP Premium,19.9
PROM00006,P0002,Loyalty Reward,12.9,2023-11-19,2023-11-28,9,Online,B2B Corporate,20.0
PROM00007,P0002,Bundle Deal,18.9,2024-02-19,2024-02-26,7,Online,Wholesale,28.1
PROM00008,P0002,Weekend Special,13.6,2024-06-01,2024-06-03,2,Omnichannel,B2B Corporate,18.0
PROM00009,P0002,Seasonal Sale,22.9,2024-11-08,2024-11-20,12,In-Store,B2B Corporate,31.2
PROM00010,P0003,Seasonal Sale,17.0,2023-11-17,2023-11-25,8,Online,B2C Consumer,24.2
PROM00011,P0003,Flash Sale,34.8,2024-02-22,2024-02-25,3,Online,B2C Consumer,52.2
PROM00012,P0003,Seasonal Sale,20.2,2024-06-01,2024-06-14,13,Online,All Customers,30.7
PROM00013,P0003,Bundle Deal,17.5,2024-10-28,2024-11-03,6,Omnichannel,B2C Consumer,28.0
PROM00014,P0004,Weekend Special,10.4,2023-10-17,2023-10-19,2,In-Store,B2C Consumer,16.7
PROM00015,P0004,Seasonal Sale,23.2,2024-03-20,2024-03-28,8,Online,Wholesale,33.3
PROM00016,P0004,Bundle Deal,9.1,2024-07-03,2024-07-08,5,Online,B2C Consumer,13.2
PROM00017,P0004,Flash Sale,32.1,2024-09-26,2024-09-28,2,Online,VIP Premium,42.7
PROM00018,P0005,Weekend Special,11.5,2023-10-09,2023-10-11,2,Online,Wholesale,17.5
PROM00019,P0005,Weekend Special,10.2,2023-12-25,2023-12-27,2,Omnichannel,All Customers,13.5
PROM00020,P0005,Clearance,35.3,2024-03-23,2024-03-29,6,Online,VIP Premium,55.0
PROM00021,P0005,Loyalty Reward,15.6,2024-05-30,2024-06-04,5,Online,All Customers,24.3
PROM00022,P0005,Bundle Deal,11.5,2024-09-14,2024-09-21,7,Online,VIP Premium,18.7
PROM00023,P0005,Seasonal Sale,20.6,2024-11-02,2024-11-12,10,Omnichannel,All Customers,27.3
PROM00024,P0006,Flash Sale,20.4,2023-10-28,2023-10-30,2,Omnichannel,B2B Corporate,34.6
PROM00025,P0006,Seasonal Sale,11.4,2024-03-14,2024-03-24,10,Omnichannel,B2B Corporate,16.0
PROM00026,P0006,Loyalty Reward,16.2,2024-05-28,2024-06-03,6,Online,B2B Corporate,23.0
PROM00027,P0006,Clearance,41.4,2024-10-11,2024-10-16,5,Online,B2C Consumer,64.5
PROM00028,P0007,Weekend Special,16.1,2023-10-06,2023-10-08,2,Online,B2B Corporate,27.0
PROM00029,P0007,Clearance,33.9,2024-01-14,2024-01-23,9,Omnichannel,Wholesale,54.1
PROM00030,P0007,Bundle Deal,13.9,2024-04-10,2024-04-15,5,Omnichannel,B2B Corporate,19.1
PROM00031,P0007,Flash Sale,18.7,2024-08-23,2024-08-26,3,Omnichannel,Wholesale,31.4
PROM00032,P0007,Clearance,31.3,2024-10-13,2024-10-22,9,In-Store,All Customers,47.9
PROM00033,P0008,Flash Sale,33.2,2023-10-27,2023-10-30,3,In-Store,Wholesale,48.5
PROM00034,P0008,Bundle Deal,10.5,2024-01-25,2024-01-29,4,Online,B2B Corporate,15.3
PROM00035,P0008,Clearance,28.1,2024-04-07,2024-04-12,5,Online,VIP Premium,43.4
PROM00036,P0008,Seasonal Sale,18.5,2024-08-21,2024-08-28,7,In-Store,VIP Premium,28.9
PROM00037,P0008,Clearance,29.7,2024-10-20,2024-10-26,6,In-Store,B2C Consumer,39.1
PROM00038,P0009,Clearance,39.3,2023-10-25,2023-11-02,8,Online,All Customers,62.7
PROM00039,P0009,Loyalty Reward,15.1,2024-01-15,2024-01-21,6,Omnichannel,B2C Consumer,22.9
PROM00040,P0009,Clearance,36.6,2024-03-14,2024-03-19,5,Omnichannel,Wholesale,59.9
PROM00041,P0009,Weekend Special,13.8,2024-06-25,2024-06-27,2,Online,VIP Premium,21.9
PROM00042,P0009,Loyalty Reward,16.3,2024-09-04,2024-09-13,9,Omnichannel,Wholesale,24.2
PROM00043,P0009,Bundle Deal,14.8,2024-11-07,2024-11-14,7,Omnichannel,B2B Corporate,19.8
PROM00044,P0010,Weekend Special,14.3,2023-10-18,2023-10-20,2,In-Store,VIP Premium,21.9
PROM00045,P0010,Bundle Deal,8.3,2024-03-19,2024-03-23,4,Omnichannel,VIP Premium,11.6
PROM00046,P0010,Loyalty Reward,12.4,2024-06-10,2024-06-17,7,Omnichannel,All Customers,20.9
PROM00047,P0010,Weekend Special,12.3,2024-10-18,2024-10-20,2,Omnichannel,All Customers,18.9
PROM00048,P0011,Flash Sale,27.4,2023-10-30,2023-11-01,2,In-Store,VIP Premium,36.2
PROM00049,P0011,Loyalty Reward,17.3,2023-12-26,2023-12-31,5,Omnichannel,All Customers,25.1
PROM00050,P0011,Flash Sale,15.1,2024-03-06,2024-03-08,2,In-Store,VIP Premium,20.8
PROM00051,P0011,Loyalty Reward,21.3,2024-05-27,2024-06-05,9,Online,VIP Premium,28.7
PROM00052,P0011,Seasonal Sale,20.2,2024-09-14,2024-09-21,7,Online,VIP Premium,30.5
PROM00053,P0011,Flash Sale,26.0,2024-11-20,2024-11-22,2,In-Store,VIP Premium,33.9
PROM00054,P0012,Flash Sale,24.2,2023-11-02,2023-11-04,2,Online,VIP Premium,40.5
PROM00055,P0012,Clearance,39.0,2024-01-24,2024-01-31,7,Omnichannel,Wholesale,51.9
PROM00056,P0012,Loyalty Reward,12.0,2024-05-03,2024-05-11,8,Online,B2C Consumer,19.8
PROM00057,P0012,Flash Sale,28.7,2024-07-28,2024-07-31,3,Online,All Customers,45.4
PROM00058,P0012,Clearance,33.4,2024-11-25,2024-11-30,5,In-Store,B2B Corporate,53.5
PROM00059,P0013,Flash Sale,33.5,2023-10-10,2023-10-13,3,In-Store,Wholesale,48.6
PROM00060,P0013,Weekend Special,16.0,2024-01-24,2024-01-26,2,Online,B2C Consumer,23.0
PROM00061,P0013,Bundle Deal,16.0,2024-05-05,2024-05-11,6,Omnichannel,Wholesale,23.8
PROM00062,P0013,Bundle Deal,9.1,2024-07-17,2024-07-23,6,In-Store,B2B Corporate,12.0
PROM00063,P0013,Seasonal Sale,24.4,2024-10-21,2024-10-30,9,Omnichannel,B2B Corporate,33.2
PROM00064,P0014,Loyalty Reward,14.9,2023-10-16,2023-10-21,5,Online,VIP Premium,22.7
PROM00065,P0014,Loyalty Reward,17.5,2023-12-29,2024-01-07,9,Online,B2C Consumer,24.5
PROM00066,P0014,Seasonal Sale,23.7,2024-04-06,2024-04-19,13,Online,B2B Corporate,34.1
PROM00067,P0014,Loyalty Reward,13.0,2024-05-28,2024-06-06,9,Online,All Customers,20.4
PROM00068,P0014,Bundle Deal,11.0,2024-09-03,2024-09-07,4,Online,All Customers,15.8
PROM00069,P0014,Flash Sale,20.7,2024-11-16,2024-11-18,2,In-Store,Wholesale,34.7
PROM00070,P0015,Clearance,45.6,2023-10-08,2023-10-14,6,Online,Wholesale,61.7
PROM00071,P0015,Flash Sale,26.4,2024-01-03,2024-01-05,2,Online,B2B Corporate,39.1
PROM00072,P0015,Seasonal Sale,13.5,2024-03-16,2024-03-28,12,Online,B2B Corporate,18.2
PROM00073,P0015,Seasonal Sale,20.2,2024-06-02,2024-06-09,7,Omnichannel,VIP Premium,32.0
PROM00074,P0015,Loyalty Reward,20.7,2024-08-26,2024-08-31,5,In-Store,Wholesale,33.5
PROM00075,P0015,Loyalty Reward,19.6,2024-11-29,2024-12-07,8,Online,B2B Corporate,26.9
PROM00076,P0016,Weekend Special,11.0,2023-10-01,2023-10-03,2,In-Store,VIP Premium,17.8
PROM00077,P0016,Weekend Special,13.9,2024-01-19,2024-01-21,2,Online,Wholesale,22.3
PROM00078,P0016,Bundle Deal,12.1,2024-04-18,2024-04-25,7,Online,VIP Premium,17.2
PROM00079,P0016,Seasonal Sale,18.0,2024-07-18,2024-07-25,7,In-Store,B2C Consumer,27.4
PROM00080,P0016,Seasonal Sale,13.5,2024-11-18,2024-12-01,13,Omnichannel,Wholesale,19.1
PROM00081,P0017,Seasonal Sale,15.9,2023-10-19,2023-10-27,8,Omnichannel,All Customers,23.5
PROM00082,P0017,Bundle Deal,19.7,2024-01-22,2024-01-27,5,Online,VIP Premium,29.6
PROM00083,P0017,Loyalty Reward,13.6,2024-04-19,2024-04-27,8,Online,B2C Consumer,22.2
PROM00084,P0017,Bundle Deal,12.2,2024-07-24,2024-07-29,5,Omnichannel,VIP Premium,18.9
PROM00085,P0017,Bundle Deal,10.2,2024-10-27,2024-10-31,4,Online,Wholesale,16.3
PROM00086,P0018,Loyalty Reward,21.3,2023-10-27,2023-11-01,5,In-Store,Wholesale,28.0
PROM00087,P0018,Weekend Special,15.9,2024-01-07,2024-01-09,2,Online,B2B Corporate,23.4
PROM00088,P0018,Clearance,47.6,2024-04-14,2024-04-22,8,In-Store,B2B Corporate,68.9
PROM00089,P0018,Weekend Special,17.5,2024-08-09,2024-08-11,2,Online,All Customers,23.8
PROM00090,P0018,Bundle Deal,17.5,2024-10-14,2024-10-18,4,Omnichannel,VIP Premium,23.5
PROM00091,P0019,Weekend Special,15.0,2023-11-14,2023-11-16,2,Online,VIP Premium,23.2
PROM00092,P0019,Loyalty Reward,12.1,2024-02-07,2024-02-16,9,Online,B2C Consumer,20.0
PROM00093,P0019,Seasonal Sale,10.7,2024-05-10,2024-05-19,9,In-Store,B2C Consumer,15.1
PROM00094,P0019,Seasonal Sale,13.8,2024-07-11,2024-07-18,7,Online,All Customers,23.3
PROM00095,P0019,Flash Sale,29.8,2024-11-20,2024-11-22,2,Online,VIP Premium,46.9
PROM00096,P0020,Flash Sale,17.7,2023-11-01,2023-11-04,3,Omnichannel,Wholesale,23.2
PROM00097,P0020,Weekend Special,17.6,2024-02-17,2024-02-19,2,Online,All Customers,23.7
PROM00098,P0020,Seasonal Sale,22.2,2024-05-03,2024-05-12,9,In-Store,B2C Consumer,35.6
PROM00099,P0020,Bundle Deal,14.7,2024-08-05,2024-08-09,4,In-Store,Wholesale,23.8
PROM00100,P0020,Bundle Deal,17.2,2024-10-31,2024-11-04,4,Online,VIP Premium,24.2
PROM00101,P0021,Bundle Deal,19.2,2023-11-03,2023-11-08,5,Omnichannel,Wholesale,28.9
PROM00102,P0021,Loyalty Reward,20.3,2024-01-10,2024-01-19,9,Online,All Customers,27.8
PROM00103,P0021,Seasonal Sale,19.7,2024-05-12,2024-05-23,11,Online,Wholesale,29.8
PROM00104,P0021,Weekend Special,14.3,2024-07-14,2024-07-16,2,Online,B2C Consumer,22.1
PROM00105,P0021,Loyalty Reward,21.4,2024-11-09,2024-11-17,8,In-Store,VIP Premium,27.9
PROM00106,P0022,Clearance,28.1,2023-11-06,2023-11-14,8,In-Store,Wholesale,36.5
PROM00107,P0022,Weekend Special,11.6,2024-02-26,2024-02-28,2,Omnichannel,B2C Consumer,15.5
PROM00108,P0022,Loyalty Reward,18.1,2024-07-14,2024-07-19,5,Online,All Customers,28.4
PROM00109,P0022,Seasonal Sale,22.5,2024-10-20,2024-10-31,11,Online,B2C Consumer,34.8
PROM00110,P0023,Loyalty Reward,18.5,2023-11-09,2023-11-14,5,In-Store,VIP Premium,28.9
PROM00111,P0023,Weekend Special,12.0,2024-01-05,2024-01-07,2,Online,B2B Corporate,20.2
PROM00112,P0023,Seasonal Sale,15.7,2024-05-03,2024-05-11,8,In-Store,B2B Corporate,25.5
PROM00113,P0023,Flash Sale,32.9,2024-08-16,2024-08-18,2,Omnichannel,All Customers,43.2
PROM00114,P0023,Clearance,31.0,2024-11-18,2024-11-25,7,Omnichannel,B2C Consumer,47.3
PROM00115,P0024,Flash Sale,16.0,2023-10-25,2023-10-27,2,Online,B2B Corporate,25.4
PROM00116,P0024,Clearance,35.2,2024-01-27,2024-02-02,6,Online,B2C Consumer,57.3
PROM00117,P0024,Flash Sale,16.1,2024-05-01,2024-05-04,3,Online,B2B Corporate,25.4
PROM00118,P0024,Clearance,47.3,2024-08-05,2024-08-13,8,Omnichannel,VIP Premium,78.1
PROM00119,P0024,Seasonal Sale,23.6,2024-11-17,2024-11-26,9,Online,VIP Premium,34.1
PROM00120,P0025,Seasonal Sale,21.4,2023-10-05,2023-10-16,11,In-Store,Wholesale,35.0
PROM00121,P0025,Weekend Special,14.9,2024-01-08,2024-01-10,2,Omnichannel,VIP Premium,25.0
PROM00122,P0025,Bundle Deal,19.8,2024-05-01,2024-05-07,6,Online,B2B Corporate,29.7
PROM00123,P0025,Bundle Deal,8.5,2024-07-11,2024-07-15,4,Online,Wholesale,12.9
PROM00124,P0025,Loyalty Reward,12.5,2024-11-09,2024-11-15,6,Online,VIP Premium,17.0
PROM00125,P0026,Weekend Special,13.0,2023-10-20,2023-10-22,2,Online,All Customers,21.7
PROM00126,P0026,Bundle Deal,16.2,2024-03-14,2024-03-18,4,Online,B2B Corporate,22.6
PROM00127,P0026,Bundle Deal,12.6,2024-07-02,2024-07-06,4,Online,B2C Consumer,21.0
PROM00128,P0026,Clearance,46.2,2024-10-11,2024-10-16,5,Online,VIP Premium,61.1
PROM00129,P0027,Flash Sale,23.5,2023-10-31,2023-11-03,3,Online,Wholesale,39.6
PROM00130,P0027,Clearance,28.2,2024-02-03,2024-02-09,6,Omnichannel,All Customers,38.2
PROM00131,P0027,Clearance,47.5,2024-05-07,2024-05-13,6,In-Store,B2C Consumer,72.3
PROM00132,P0027,Bundle Deal,13.3,2024-07-20,2024-07-26,6,Online,B2C Consumer,18.9
PROM00133,P0027,Loyalty Reward,18.0,2024-11-04,2024-11-12,8,Online,B2C Consumer,27.8
PROM00134,P0028,Clearance,32.6,2023-10-09,2023-10-15,6,Omnichannel,Wholesale,47.8
PROM00135,P0028,Weekend Special,12.1,2024-01-07,2024-01-09,2,Omnichannel,B2B Corporate,16.8
PROM00136,P0028,Bundle Deal,14.8,2024-03-10,2024-03-17,7,Omnichannel,B2B Corporate,20.2
PROM00137,P0028,Loyalty Reward,13.4,2024-06-02,2024-06-10,8,Online,B2C Consumer,21.1
PROM00138,P0028,Loyalty Reward,21.9,2024-08-16,2024-08-25,9,Omnichannel,All Customers,34.4
PROM00139,P0028,Seasonal Sale,12.2,2024-11-14,2024-11-24,10,In-Store,B2C Consumer,17.6
PROM00140,P0029,Loyalty Reward,22.0,2023-10-08,2023-10-16,8,Omnichannel,VIP Premium,29.3
PROM00141,P0029,Bundle Deal,12.1,2024-01-21,2024-01-26,5,Online,VIP Premium,20.4
PROM00142,P0029,Bundle Deal,15.7,2024-04-05,2024-04-10,5,Omnichannel,All Customers,21.2
PROM00143,P0029,Weekend Special,16.9,2024-06-13,2024-06-15,2,Online,Wholesale,24.4
PROM00144,P0029,Loyalty Reward,14.4,2024-08-24,2024-08-30,6,Omnichannel,B2B Corporate,21.4
PROM00145,P0029,Loyalty Reward,19.2,2024-10-26,2024-11-03,8,Omnichannel,B2B Corporate,27.1
PROM00146,P0030,Bundle Deal,18.5,2023-10-26,2023-10-31,5,Omnichannel,All Customers,31.2
PROM00147,P0030,Weekend Special,16.3,2024-01-19,2024-01-21,2,Online,All Customers,27.6
PROM00148,P0030,Clearance,29.9,2024-04-01,2024-04-10,9,Online,All Customers,41.7
PROM00149,P0030,Clearance,42.4,2024-06-27,2024-07-02,5,Omnichannel,B2B Corporate,62.6
PROM00150,P0030,Seasonal Sale,16.2,2024-09-07,2024-09-20,13,In-Store,VIP Premium,23.5
PROM00151,P0030,Flash Sale,22.6,2024-11-30,2024-12-03,3,Omnichannel,Wholesale,36.0
PROM00152,P0031,Loyalty Reward,12.8,2023-11-07,2023-11-13,6,Omnichannel,Wholesale,19.3
PROM00153,P0031,Bundle Deal,17.7,2024-01-16,2024-01-22,6,Online,Wholesale,26.3
PROM00154,P0031,Clearance,42.2,2024-04-07,2024-04-15,8,Omnichannel,Wholesale,57.1
PROM00155,P0031,Bundle Deal,11.1,2024-06-22,2024-06-29,7,Online,VIP Premium,15.9
PROM00156,P0031,Flash Sale,23.3,2024-08-16,2024-08-18,2,Online,All Customers,36.2
PROM00157,P0031,Loyalty Reward,13.5,2024-11-28,2024-12-04,6,Online,B2B Corporate,19.5
PROM00158,P0032,Seasonal Sale,19.8,2023-10-19,2023-10-31,12,Online,All Customers,28.3
PROM00159,P0032,Flash Sale,18.8,2024-02-07,2024-02-09,2,Omnichannel,Wholesale,26.6
PROM00160,P0032,Loyalty Reward,12.1,2024-04-28,2024-05-05,7,Omnichannel,B2C Consumer,19.2
PROM00161,P0032,Seasonal Sale,23.9,2024-08-03,2024-08-13,10,Omnichannel,B2C Consumer,37.3
PROM00162,P0032,Weekend Special,13.0,2024-10-26,2024-10-28,2,Online,B2B Corporate,17.8
PROM00163,P0033,Seasonal Sale,15.4,2023-10-18,2023-10-31,13,In-Store,All Customers,20.1
PROM00164,P0033,Seasonal Sale,17.6,2023-12-19,2023-12-31,12,Online,B2B Corporate,29.1
PROM00165,P0033,Bundle Deal,15.0,2024-04-03,2024-04-08,5,Omnichannel,B2B Corporate,21.6
PROM00166,P0033,Bundle Deal,12.5,2024-06-20,2024-06-24,4,Online,All Customers,16.3
PROM00167,P0033,Flash Sale,23.6,2024-08-18,2024-08-21,3,In-Store,VIP Premium,31.2
PROM00168,P0033,Seasonal Sale,13.1,2024-11-19,2024-12-01,12,Online,VIP Premium,19.0
PROM00169,P0034,Weekend Special,11.9,2023-11-10,2023-11-12,2,Online,B2B Corporate,17.5
PROM00170,P0034,Weekend Special,14.1,2024-02-09,2024-02-11,2,Online,B2B Corporate,23.3
PROM00171,P0034,Bundle Deal,12.1,2024-06-03,2024-06-09,6,Online,Wholesale,15.8
PROM00172,P0034,Seasonal Sale,16.2,2024-09-24,2024-10-05,11,In-Store,Wholesale,24.2
PROM00173,P0035,Loyalty Reward,12.1,2023-10-22,2023-10-30,8,Online,VIP Premium,17.4
PROM00174,P0035,Flash Sale,24.9,2023-12-30,2024-01-02,3,Online,Wholesale,41.3
PROM00175,P0035,Flash Sale,22.5,2024-03-30,2024-04-01,2,In-Store,VIP Premium,33.8
PROM00176,P0035,Seasonal Sale,20.0,2024-06-26,2024-07-09,13,Online,B2C Consumer,28.1
PROM00177,P0035,Bundle Deal,11.0,2024-08-29,2024-09-02,4,In-Store,All Customers,14.6
PROM00178,P0035,Weekend Special,15.7,2024-11-02,2024-11-04,2,Online,Wholesale,25.5
PROM00179,P0036,Flash Sale,29.1,2023-10-10,2023-10-13,3,Online,B2B Corporate,45.8
PROM00180,P0036,Bundle Deal,9.9,2024-01-25,2024-01-30,5,Online,Wholesale,15.6
PROM00181,P0036,Bundle Deal,18.3,2024-03-19,2024-03-26,7,Online,All Customers,30.4
PROM00182,P0036,Bundle Deal,8.9,2024-05-23,2024-05-27,4,In-Store,B2C Consumer,15.1
PROM00183,P0036,Clearance,28.9,2024-09-06,2024-09-13,7,Online,B2B Corporate,47.3
PROM00184,P0036,Clearance,39.6,2024-11-07,2024-11-16,9,Omnichannel,B2B Corporate,59.8
PROM00185,P0037,Loyalty Reward,15.8,2023-10-07,2023-10-13,6,Online,VIP Premium,25.7
PROM00186,P0037,Flash Sale,30.8,2023-12-23,2023-12-26,3,Online,B2C Consumer,40.5
PROM00187,P0037,Clearance,31.0,2024-03-30,2024-04-05,6,Online,Wholesale,46.6
PROM00188,P0037,Flash Sale,21.2,2024-05-29,2024-05-31,2,Omnichannel,B2B Corporate,32.5
PROM00189,P0037,Weekend Special,11.0,2024-08-10,2024-08-12,2,Omnichannel,B2C Consumer,15.6
PROM00190,P0037,Clearance,37.2,2024-11-24,2024-12-02,8,Omnichannel,B2B Corporate,49.3
PROM00191,P0038,Bundle Deal,9.4,2023-10-01,2023-10-06,5,Online,B2C Consumer,15.5
PROM00192,P0038,Clearance,30.2,2024-01-17,2024-01-22,5,Omnichannel,VIP Premium,41.4
PROM00193,P0038,Bundle Deal,19.5,2024-03-08,2024-03-15,7,In-Store,VIP Premium,29.4
PROM00194,P0038,Bundle Deal,15.6,2024-06-21,2024-06-25,4,Omnichannel,VIP Premium,25.3
PROM00195,P0038,Bundle Deal,12.6,2024-09-06,2024-09-12,6,Omnichannel,Wholesale,19.5
PROM00196,P0038,Flash Sale,21.5,2024-12-02,2024-12-04,2,Online,Wholesale,36.4
PROM00197,P0039,Weekend Special,12.6,2023-10-25,2023-10-27,2,Online,VIP Premium,19.0
PROM00198,P0039,Weekend Special,17.3,2024-02-13,2024-02-15,2,Online,All Customers,27.5
PROM00199,P0039,Loyalty Reward,18.3,2024-04-16,2024-04-24,8,Omnichannel,B2C Consumer,23.8
PROM00200,P0039,Loyalty Reward,21.1,2024-07-23,2024-07-28,5,In-Store,VIP Premium,31.9
PROM00201,P0039,Flash Sale,21.5,2024-10-24,2024-10-26,2,Omnichannel,All Customers,29.5
PROM00202,P0040,Flash Sale,29.6,2023-10-25,2023-10-27,2,Online,VIP Premium,48.6
PROM00203,P0040,Flash Sale,31.4,2024-01-08,2024-01-10,2,Omnichannel,B2B Corporate,45.5
PROM00204,P0040,Seasonal Sale,10.7,2024-03-31,2024-04-13,13,Online,Wholesale,15.5
PROM00205,P0040,Weekend Special,15.2,2024-06-26,2024-06-28,2,In-Store,VIP Premium,22.9
PROM00206,P0040,Weekend Special,15.1,2024-08-26,2024-08-28,2,Online,VIP Premium,24.3
PROM00207,P0040,Flash Sale,27.6,2024-11-28,2024-11-30,2,Online,B2C Consumer,38.2
PROM00208,P0041,Loyalty Reward,16.1,2023-10-24,2023-10-29,5,Online,B2C Consumer,24.7
PROM00209,P0041,Weekend Special,14.6,2024-01-02,2024-01-04,2,In-Store,All Customers,23.1
PROM00210,P0041,Weekend Special,16.5,2024-04-04,2024-04-06,2,Omnichannel,All Customers,24.2
PROM00211,P0041,Seasonal Sale,18.5,2024-06-15,2024-06-27,12,Online,All Customers,26.1
PROM00212,P0041,Flash Sale,34.1,2024-09-06,2024-09-08,2,Omnichannel,All Customers,50.0
PROM00213,P0041,Bundle Deal,18.3,2024-11-11,2024-11-17,6,Omnichannel,B2B Corporate,29.0
PROM00214,P0042,Flash Sale,25.0,2023-10-22,2023-10-24,2,Omnichannel,B2B Corporate,42.3
PROM00215,P0042,Weekend Special,12.0,2024-02-11,2024-02-13,2,Omnichannel,Wholesale,19.9
PROM00216,P0042,Clearance,45.4,2024-07-02,2024-07-11,9,In-Store,B2B Corporate,68.3
PROM00217,P0042,Seasonal Sale,10.4,2024-10-31,2024-11-10,10,Online,B2C Consumer,16.7
PROM00218,P0043,Flash Sale,22.9,2023-10-24,2023-10-26,2,In-Store,B2B Corporate,37.0
PROM00219,P0043,Flash Sale,30.7,2024-01-03,2024-01-06,3,Omnichannel,B2C Consumer,46.2
PROM00220,P0043,Flash Sale,22.9,2024-04-07,2024-04-10,3,In-Store,B2B Corporate,38.3
PROM00221,P0043,Flash Sale,20.4,2024-05-28,2024-05-31,3,Online,B2B Corporate,28.5
PROM00222,P0043,Loyalty Reward,19.2,2024-08-18,2024-08-23,5,Omnichannel,VIP Premium,27.4
PROM00223,P0043,Clearance,29.2,2024-11-01,2024-11-06,5,Online,Wholesale,48.2
PROM00224,P0044,Bundle Deal,9.8,2023-10-25,2023-11-01,7,Omnichannel,All Customers,15.0
PROM00225,P0044,Loyalty Reward,17.9,2024-02-13,2024-02-21,8,Online,VIP Premium,26.9
PROM00226,P0044,Flash Sale,21.5,2024-05-19,2024-05-22,3,In-Store,B2B Corporate,35.9
PROM00227,P0044,Clearance,41.8,2024-07-14,2024-07-19,5,Online,B2C Consumer,68.5
PROM00228,P0044,Weekend Special,16.5,2024-11-10,2024-11-12,2,Online,B2C Consumer,21.7
PROM00229,P0045,Bundle Deal,8.6,2023-10-09,2023-10-16,7,In-Store,All Customers,12.1
PROM00230,P0045,Bundle Deal,17.3,2024-01-07,2024-01-11,4,Omnichannel,B2C Consumer,23.9
PROM00231,P0045,Clearance,43.8,2024-04-07,2024-04-16,9,Online,VIP Premium,72.9
PROM00232,P0045,Bundle Deal,17.5,2024-08-19,2024-08-23,4,Omnichannel,VIP Premium,24.0
PROM00233,P0045,Flash Sale,28.6,2024-11-22,2024-11-24,2,Online,Wholesale,44.4
PROM00234,P0046,Loyalty Reward,17.3,2023-11-01,2023-11-10,9,Online,B2B Corporate,28.1
PROM00235,P0046,Flash Sale,30.2,2023-12-30,2024-01-02,3,Omnichannel,B2B Corporate,46.1
PROM00236,P0046,Seasonal Sale,24.6,2024-03-07,2024-03-15,8,Online,VIP Premium,41.6
PROM00237,P0046,Seasonal Sale,15.5,2024-06-26,2024-07-05,9,Online,B2C Consumer,24.5
PROM00238,P0046,Weekend Special,14.9,2024-08-13,2024-08-15,2,Omnichannel,B2B Corporate,24.6
PROM00239,P0046,Flash Sale,21.7,2024-11-17,2024-11-20,3,Online,B2B Corporate,29.5
PROM00240,P0047,Loyalty Reward,17.8,2023-11-10,2023-11-16,6,In-Store,B2B Corporate,23.6
PROM00241,P0047,Weekend Special,16.7,2024-01-11,2024-01-13,2,Online,B2C Consumer,24.0
PROM00242,P0047,Clearance,41.7,2024-04-11,2024-04-19,8,Online,All Customers,69.3
PROM00243,P0047,Seasonal Sale,15.0,2024-08-18,2024-08-27,9,In-Store,All Customers,19.9
PROM00244,P0047,Weekend Special,16.3,2024-10-26,2024-10-28,2,Omnichannel,B2B Corporate,25.7
PROM00245,P0048,Bundle Deal,17.3,2023-11-17,2023-11-24,7,Omnichannel,B2B Corporate,23.0
PROM00246,P0048,Loyalty Reward,20.4,2024-02-27,2024-03-05,7,Online,B2B Corporate,32.4
PROM00247,P0048,Bundle Deal,18.3,2024-06-29,2024-07-03,4,Omnichannel,Wholesale,30.4
PROM00248,P0048,Bundle Deal,15.6,2024-09-28,2024-10-04,6,Omnichannel,All Customers,24.5
PROM00249,P0049,Clearance,28.3,2023-10-17,2023-10-22,5,Omnichannel,B2C Consumer,44.7
PROM00250,P0049,Loyalty Reward,13.2,2024-01-27,2024-02-01,5,Online,All Customers,20.9
PROM00251,P0049,Weekend Special,12.1,2024-05-13,2024-05-15,2,Online,All Customers,17.8
PROM00252,P0049,Flash Sale,15.9,2024-08-04,2024-08-06,2,Online,B2B Corporate,24.2
PROM00253,P0049,Clearance,38.4,2024-11-26,2024-12-02,6,Online,B2C Consumer,59.5
PROM00254,P0050,Seasonal Sale,24.1,2023-10-16,2023-10-29,13,Omnichannel,Wholesale,40.9
PROM00255,P0050,Weekend Special,12.3,2023-12-20,2023-12-22,2,Omnichannel,B2B Corporate,19.2
PROM00256,P0050,Weekend Special,16.4,2024-03-14,2024-03-16,2,In-Store,All Customers,26.9
PROM00257,P0050,Bundle Deal,15.0,2024-06-10,2024-06-16,6,In-Store,Wholesale,23.1
PROM00258,P0050,Weekend Special,12.3,2024-09-04,2024-09-06,2,Online,B2C Consumer,16.8
PROM00259,P0050,Seasonal Sale,17.0,2024-11-18,2024-11-30,12,Online,Wholesale,28.1
PROM00260,P0051,Clearance,37.8,2023-11-01,2023-11-07,6,Online,VIP Premium,56.0
PROM00261,P0051,Clearance,45.8,2024-01-21,2024-01-27,6,Omnichannel,B2C Consumer,68.1
PROM00262,P0051,Clearance,33.3,2024-03-12,2024-03-18,6,Omnichannel,B2C Consumer,44.1
PROM00263,P0051,Seasonal Sale,12.5,2024-06-25,2024-07-02,7,Online,B2B Corporate,16.5
PROM00264,P0051,Loyalty Reward,14.6,2024-08-16,2024-08-22,6,In-Store,B2B Corporate,24.1
PROM00265,P0051,Flash Sale,24.6,2024-11-07,2024-11-09,2,Online,All Customers,33.8
PROM00266,P0052,Flash Sale,32.6,2023-10-21,2023-10-23,2,In-Store,All Customers,51.7
PROM00267,P0052,Bundle Deal,10.4,2024-02-29,2024-03-06,6,Omnichannel,B2B Corporate,17.2
PROM00268,P0052,Clearance,32.5,2024-06-07,2024-06-16,9,Omnichannel,B2B Corporate,46.3
PROM00269,P0052,Bundle Deal,15.1,2024-10-10,2024-10-17,7,Online,B2C Consumer,25.5
PROM00270,P0053,Bundle Deal,17.9,2023-11-28,2023-12-04,6,Online,VIP Premium,26.8
PROM00271,P0053,Flash Sale,22.1,2024-02-09,2024-02-12,3,Omnichannel,Wholesale,37.2
PROM00272,P0053,Flash Sale,18.5,2024-06-20,2024-06-23,3,In-Store,Wholesale,25.6
PROM00273,P0053,Seasonal Sale,11.6,2024-09-25,2024-10-04,9,Online,B2B Corporate,15.2
PROM00274,P0054,Bundle Deal,9.6,2023-10-23,2023-10-28,5,In-Store,All Customers,15.6
PROM00275,P0054,Bundle Deal,16.0,2024-02-10,2024-02-17,7,Omnichannel,B2C Consumer,24.1
PROM00276,P0054,Seasonal Sale,22.0,2024-04-16,2024-04-28,12,Online,B2C Consumer,34.0
PROM00277,P0054,Loyalty Reward,19.5,2024-07-23,2024-07-31,8,Online,All Customers,32.1
PROM00278,P0054,Flash Sale,15.4,2024-11-24,2024-11-27,3,Online,Wholesale,24.9
PROM00279,P0055,Weekend Special,15.3,2023-11-05,2023-11-07,2,In-Store,B2B Corporate,21.9
PROM00280,P0055,Seasonal Sale,22.7,2024-02-25,2024-03-06,10,Omnichannel,B2C Consumer,33.9
PROM00281,P0055,Loyalty Reward,20.8,2024-06-19,2024-06-26,7,Online,VIP Premium,32.4
PROM00282,P0055,Weekend Special,11.7,2024-11-04,2024-11-06,2,Online,All Customers,18.5
PROM00283,P0056,Seasonal Sale,19.7,2023-11-15,2023-11-25,10,Omnichannel,B2B Corporate,26.9
PROM00284,P0056,Bundle Deal,13.2,2024-02-12,2024-02-19,7,Online,B2C Consumer,20.2
PROM00285,P0056,Loyalty Reward,14.2,2024-05-15,2024-05-24,9,Omnichannel,B2C Consumer,22.3
PROM00286,P0056,Bundle Deal,19.5,2024-08-08,2024-08-14,6,Online,Wholesale,27.2
PROM00287,P0056,Clearance,28.9,2024-11-13,2024-11-21,8,Omnichannel,Wholesale,47.1
PROM00288,P0057,Weekend Special,14.3,2023-10-12,2023-10-14,2,Online,All Customers,20.3
PROM00289,P0057,Weekend Special,15.0,2024-03-08,2024-03-10,2,In-Store,All Customers,23.9
PROM00290,P0057,Loyalty Reward,17.3,2024-05-27,2024-06-01,5,Online,VIP Premium,29.1
PROM00291,P0057,Clearance,38.6,2024-10-16,2024-10-21,5,In-Store,All Customers,62.6
PROM00292,P0058,Flash Sale,15.7,2023-11-20,2023-11-22,2,Omnichannel,B2B Corporate,25.6
PROM00293,P0058,Bundle Deal,17.0,2024-03-09,2024-03-15,6,Omnichannel,B2C Consumer,27.0
PROM00294,P0058,Flash Sale,15.1,2024-06-06,2024-06-09,3,Online,VIP Premium,22.6
PROM00295,P0058,Clearance,33.0,2024-09-27,2024-10-05,8,Online,VIP Premium,45.0
PROM00296,P0059,Weekend Special,11.8,2023-10-24,2023-10-26,2,Online,B2C Consumer,20.0
PROM00297,P0059,Bundle Deal,11.9,2023-12-17,2023-12-23,6,Omnichannel,Wholesale,17.4
PROM00298,P0059,Loyalty Reward,14.1,2024-02-19,2024-02-24,5,In-Store,All Customers,23.6
PROM00299,P0059,Weekend Special,10.4,2024-04-20,2024-04-22,2,Omnichannel,B2B Corporate,17.0
PROM00300,P0059,Bundle Deal,11.5,2024-05-29,2024-06-05,7,Online,VIP Premium,16.3
PROM00301,P0059,Clearance,42.3,2024-08-10,2024-08-16,6,Online,VIP Premium,61.2
PROM00302,P0059,Bundle Deal,10.2,2024-10-03,2024-10-09,6,Online,B2C Consumer,13.5
PROM00303,P0059,Flash Sale,27.5,2024-12-05,2024-12-08,3,Online,VIP Premium,37.4
PROM00304,P0060,Clearance,32.8,2023-10-05,2023-10-11,6,Online,Wholesale,42.7
PROM00305,P0060,Weekend Special,16.5,2023-12-14,2023-12-16,2,In-Store,All Customers,25.6
PROM00306,P0060,Flash Sale,27.8,2024-02-01,2024-02-03,2,Online,B2B Corporate,41.3
PROM00307,P0060,Clearance,47.8,2024-03-28,2024-04-02,5,Online,Wholesale,62.2
PROM00308,P0060,Clearance,37.1,2024-06-09,2024-06-17,8,Online,B2C Consumer,50.4
PROM00309,P0060,Flash Sale,30.8,2024-08-10,2024-08-12,2,Omnichannel,All Customers,47.0
PROM00310,P0060,Bundle Deal,9.2,2024-10-01,2024-10-08,7,In-Store,Wholesale,13.9
PROM00311,P0060,Bundle Deal,18.0,2024-11-17,2024-11-24,7,Online,B2B Corporate,28.8
PROM00312,P0061,Clearance,28.0,2023-10-07,2023-10-14,7,Online,VIP Premium,46.2
PROM00313,P0061,Bundle Deal,14.4,2023-12-10,2023-12-17,7,In-Store,Wholesale,24.0
PROM00314,P0061,Flash Sale,34.0,2024-01-29,2024-01-31,2,Omnichannel,VIP Premium,52.4
PROM00315,P0061,Weekend Special,15.8,2024-04-02,2024-04-04,2,Omnichannel,VIP Premium,25.4
PROM00316,P0061,Loyalty Reward,19.8,2024-06-05,2024-06-13,8,Online,Wholesale,33.3
PROM00317,P0061,Loyalty Reward,19.4,2024-08-15,2024-08-21,6,In-Store,B2B Corporate,27.2
PROM00318,P0061,Seasonal Sale,13.5,2024-09-21,2024-09-29,8,Online,B2C Consumer,20.0
PROM00319,P0061,Weekend Special,10.2,2024-11-27,2024-11-29,2,Omnichannel,B2C Consumer,17.2
PROM00320,P0062,Bundle Deal,17.0,2023-10-01,2023-10-08,7,Omnichannel,VIP Premium,24.7
PROM00321,P0062,Seasonal Sale,14.8,2023-12-05,2023-12-17,12,In-Store,VIP Premium,21.8
PROM00322,P0062,Seasonal Sale,15.6,2024-02-15,2024-02-23,8,Online,B2B Corporate,20.8
PROM00323,P0062,Weekend Special,15.7,2024-04-09,2024-04-11,2,Online,All Customers,25.1
PROM00324,P0062,Loyalty Reward,15.2,2024-06-04,2024-06-12,8,In-Store,VIP Premium,22.8
PROM00325,P0062,Loyalty Reward,18.2,2024-07-28,2024-08-03,6,In-Store,B2B Corporate,25.4
PROM00326,P0062,Bundle Deal,11.2,2024-09-23,2024-09-29,6,Omnichannel,Wholesale,14.7
PROM00327,P0062,Flash Sale,25.9,2024-12-03,2024-12-05,2,Online,B2C Consumer,34.3
PROM00328,P0063,Clearance,43.4,2023-10-30,2023-11-06,7,Omnichannel,Wholesale,62.5
PROM00329,P0063,Loyalty Reward,18.5,2023-12-24,2024-01-01,8,In-Store,All Customers,27.1
PROM00330,P0063,Bundle Deal,18.8,2024-03-22,2024-03-28,6,Online,VIP Premium,27.5
PROM00331,P0063,Flash Sale,32.3,2024-05-26,2024-05-29,3,In-Store,All Customers,54.2
PROM00332,P0063,Flash Sale,29.7,2024-08-18,2024-08-21,3,Online,B2B Corporate,45.9
PROM00333,P0063,Loyalty Reward,14.6,2024-11-24,2024-12-03,9,Online,All Customers,20.1
PROM00334,P0064,Loyalty Reward,14.1,2023-11-04,2023-11-13,9,In-Store,All Customers,22.2
PROM00335,P0064,Clearance,37.9,2023-12-26,2023-12-31,5,Online,B2C Consumer,59.0
PROM00336,P0064,Bundle Deal,13.5,2024-04-10,2024-04-17,7,Omnichannel,Wholesale,20.1
PROM00337,P0064,Clearance,28.9,2024-06-22,2024-06-27,5,In-Store,Wholesale,46.2
PROM00338,P0064,Clearance,47.3,2024-08-24,2024-08-31,7,Omnichannel,B2C Consumer,75.2
PROM00339,P0064,Flash Sale,19.1,2024-11-30,2024-12-02,2,Online,B2C Consumer,27.3
PROM00340,P0065,Weekend Special,10.9,2023-10-01,2023-10-03,2,Online,B2B Corporate,14.6
PROM00341,P0065,Loyalty Reward,17.0,2024-01-03,2024-01-08,5,Omnichannel,B2B Corporate,24.5
PROM00342,P0065,Seasonal Sale,15.0,2024-02-13,2024-02-22,9,Online,B2B Corporate,23.0
PROM00343,P0065,Loyalty Reward,15.8,2024-05-09,2024-05-14,5,Online,B2B Corporate,24.6
PROM00344,P0065,Loyalty Reward,12.7,2024-07-19,2024-07-25,6,Omnichannel,All Customers,20.4
PROM00345,P0065,Seasonal Sale,16.2,2024-09-02,2024-09-12,10,In-Store,VIP Premium,25.0
PROM00346,P0065,Seasonal Sale,23.8,2024-12-02,2024-12-12,10,Online,Wholesale,36.0
PROM00347,P0066,Bundle Deal,10.1,2023-10-28,2023-11-02,5,Omnichannel,All Customers,14.3
PROM00348,P0066,Flash Sale,29.1,2023-12-20,2023-12-22,2,Omnichannel,B2C Consumer,38.6
PROM00349,P0066,Flash Sale,34.7,2024-02-28,2024-03-02,3,Omnichannel,VIP Premium,48.6
PROM00350,P0066,Loyalty Reward,21.3,2024-05-20,2024-05-27,7,In-Store,B2C Consumer,32.2
PROM00351,P0066,Seasonal Sale,13.4,2024-07-06,2024-07-19,13,Online,B2B Corporate,18.0
PROM00352,P0066,Loyalty Reward,12.7,2024-09-22,2024-09-27,5,In-Store,B2C Consumer,16.5
PROM00353,P0066,Flash Sale,33.9,2024-11-13,2024-11-15,2,Online,B2C Consumer,49.4
PROM00354,P0067,Weekend Special,14.9,2023-10-25,2023-10-27,2,In-Store,VIP Premium,19.8
PROM00355,P0067,Loyalty Reward,21.8,2023-12-19,2023-12-26,7,Online,Wholesale,30.1
PROM00356,P0067,Seasonal Sale,10.3,2024-02-06,2024-02-15,9,Omnichannel,B2B Corporate,14.9
PROM00357,P0067,Weekend Special,16.0,2024-04-23,2024-04-25,2,Omnichannel,B2C Consumer,24.7
PROM00358,P0067,Seasonal Sale,14.5,2024-06-10,2024-06-17,7,In-Store,All Customers,21.5
PROM00359,P0067,Loyalty Reward,12.9,2024-08-15,2024-08-23,8,Online,B2B Corporate,17.5
PROM00360,P0067,Loyalty Reward,18.0,2024-09-21,2024-09-26,5,Omnichannel,All Customers,26.9
PROM00361,P0067,Flash Sale,31.2,2024-12-04,2024-12-07,3,In-Store,B2C Consumer,42.8
PROM00362,P0068,Bundle Deal,9.1,2023-10-12,2023-10-19,7,Omnichannel,Wholesale,12.2
PROM00363,P0068,Weekend Special,14.4,2023-12-14,2023-12-16,2,Omnichannel,Wholesale,22.6
PROM00364,P0068,Weekend Special,10.5,2024-02-06,2024-02-08,2,Online,B2C Consumer,14.2
PROM00365,P0068,Loyalty Reward,20.4,2024-04-12,2024-04-20,8,In-Store,All Customers,28.0
PROM00366,P0068,Flash Sale,32.7,2024-06-03,2024-06-05,2,In-Store,VIP Premium,49.2
PROM00367,P0068,Seasonal Sale,23.6,2024-08-18,2024-08-25,7,Omnichannel,All Customers,39.5
PROM00368,P0068,Seasonal Sale,15.4,2024-10-07,2024-10-20,13,Omnichannel,VIP Premium,23.2
PROM00369,P0068,Loyalty Reward,18.2,2024-11-29,2024-12-05,6,Online,VIP Premium,24.2
PROM00370,P0069,Flash Sale,22.9,2023-11-06,2023-11-08,2,Omnichannel,B2B Corporate,36.5
PROM00371,P0069,Flash Sale,18.1,2023-12-28,2023-12-30,2,Omnichannel,All Customers,28.5
PROM00372,P0069,Seasonal Sale,18.3,2024-03-20,2024-03-28,8,Omnichannel,B2B Corporate,24.4
PROM00373,P0069,Clearance,43.6,2024-05-30,2024-06-04,5,Omnichannel,All Customers,72.9
PROM00374,P0069,Bundle Deal,13.5,2024-08-08,2024-08-14,6,Online,B2C Consumer,21.8
PROM00375,P0069,Seasonal Sale,18.5,2024-11-11,2024-11-23,12,Omnichannel,Wholesale,25.8
PROM00376,P0070,Weekend Special,16.9,2023-10-05,2023-10-07,2,Omnichannel,All Customers,23.1
PROM00377,P0070,Weekend Special,12.0,2023-12-20,2023-12-22,2,In-Store,Wholesale,19.7
PROM00378,P0070,Seasonal Sale,10.4,2024-02-02,2024-02-12,10,Omnichannel,B2B Corporate,15.0
PROM00379,P0070,Flash Sale,18.4,2024-03-31,2024-04-02,2,Online,B2C Consumer,29.1
PROM00380,P0070,Seasonal Sale,21.1,2024-06-18,2024-06-28,10,Omnichannel,VIP Premium,31.3
PROM00381,P0070,Clearance,35.4,2024-08-03,2024-08-10,7,In-Store,B2C Consumer,56.4
PROM00382,P0070,Clearance,36.5,2024-10-05,2024-10-14,9,Omnichannel,B2C Consumer,55.7
PROM00383,P0070,Flash Sale,34.0,2024-11-29,2024-12-02,3,In-Store,All Customers,57.7
PROM00384,P0071,Flash Sale,18.4,2023-10-20,2023-10-22,2,In-Store,All Customers,27.3
PROM00385,P0071,Flash Sale,15.3,2023-12-29,2023-12-31,2,In-Store,B2C Consumer,21.0
PROM00386,P0071,Loyalty Reward,17.2,2024-03-01,2024-03-10,9,Online,B2C Consumer,24.7
PROM00387,P0071,Bundle Deal,8.9,2024-04-20,2024-04-24,4,Online,VIP Premium,14.1
PROM00388,P0071,Seasonal Sale,22.5,2024-07-15,2024-07-27,12,Omnichannel,B2B Corporate,31.0
PROM00389,P0071,Flash Sale,33.1,2024-09-17,2024-09-19,2,Omnichannel,B2C Consumer,44.3
PROM00390,P0071,Seasonal Sale,17.6,2024-11-20,2024-12-01,11,In-Store,B2B Corporate,26.6
PROM00391,P0072,Weekend Special,10.9,2023-10-31,2023-11-02,2,In-Store,VIP Premium,16.7
PROM00392,P0072,Flash Sale,24.7,2023-12-20,2023-12-23,3,In-Store,Wholesale,41.6
PROM00393,P0072,Flash Sale,32.7,2024-03-09,2024-03-12,3,Omnichannel,B2B Corporate,55.0
PROM00394,P0072,Seasonal Sale,12.7,2024-06-29,2024-07-10,11,Online,B2C Consumer,17.1
PROM00395,P0072,Loyalty Reward,17.7,2024-09-05,2024-09-13,8,Omnichannel,All Customers,30.1
PROM00396,P0072,Bundle Deal,9.3,2024-11-17,2024-11-22,5,Omnichannel,VIP Premium,13.5
PROM00397,P0073,Loyalty Reward,20.8,2023-10-08,2023-10-17,9,Online,All Customers,27.9
PROM00398,P0073,Loyalty Reward,14.9,2023-12-01,2023-12-07,6,Online,All Customers,21.5
PROM00399,P0073,Flash Sale,33.0,2024-02-06,2024-02-09,3,Online,Wholesale,47.0
PROM00400,P0073,Weekend Special,11.3,2024-04-23,2024-04-25,2,In-Store,Wholesale,15.3
PROM00401,P0073,Seasonal Sale,19.0,2024-06-04,2024-06-15,11,In-Store,Wholesale,26.1
PROM00402,P0073,Bundle Deal,16.5,2024-08-13,2024-08-18,5,Omnichannel,B2B Corporate,25.2
PROM00403,P0073,Seasonal Sale,20.5,2024-09-24,2024-10-04,10,Online,All Customers,28.2
PROM00404,P0073,Loyalty Reward,19.2,2024-12-14,2024-12-22,8,In-Store,B2B Corporate,27.0
PROM00405,P0074,Loyalty Reward,15.3,2023-10-05,2023-10-14,9,In-Store,All Customers,24.3
PROM00406,P0074,Bundle Deal,16.9,2024-01-02,2024-01-07,5,Omnichannel,B2B Corporate,27.6
PROM00407,P0074,Loyalty Reward,19.7,2024-03-23,2024-03-31,8,Omnichannel,Wholesale,28.8
PROM00408,P0074,Seasonal Sale,14.3,2024-06-27,2024-07-08,11,Omnichannel,All Customers,19.6
PROM00409,P0074,Flash Sale,29.9,2024-09-11,2024-09-13,2,In-Store,B2C Consumer,39.8
PROM00410,P0074,Flash Sale,19.7,2024-11-28,2024-11-30,2,Online,VIP Premium,27.9
PROM00411,P0075,Loyalty Reward,21.7,2023-10-29,2023-11-07,9,Online,VIP Premium,29.3
PROM00412,P0075,Weekend Special,14.9,2024-01-22,2024-01-24,2,Omnichannel,VIP Premium,21.3
PROM00413,P0075,Loyalty Reward,21.6,2024-03-06,2024-03-12,6,Online,B2C Consumer,32.0
PROM00414,P0075,Flash Sale,31.2,2024-06-23,2024-06-26,3,Omnichannel,Wholesale,51.9
PROM00415,P0075,Weekend Special,13.8,2024-08-12,2024-08-14,2,Omnichannel,All Customers,21.4
PROM00416,P0075,Clearance,41.2,2024-11-10,2024-11-19,9,Online,All Customers,62.7
PROM00417,P0076,Seasonal Sale,15.4,2023-11-05,2023-11-18,13,Online,VIP Premium,24.0
PROM00418,P0076,Flash Sale,23.6,2023-12-30,2024-01-02,3,Online,All Customers,32.9
PROM00419,P0076,Weekend Special,14.4,2024-03-20,2024-03-22,2,In-Store,B2C Consumer,21.0
PROM00420,P0076,Weekend Special,10.1,2024-05-24,2024-05-26,2,In-Store,All Customers,13.3
PROM00421,P0076,Seasonal Sale,13.4,2024-08-31,2024-09-07,7,Omnichannel,Wholesale,19.9
PROM00422,P0076,Loyalty Reward,16.1,2024-11-29,2024-12-04,5,Omnichannel,B2C Consumer,24.5
PROM00423,P0077,Weekend Special,11.5,2023-10-27,2023-10-29,2,Omnichannel,Wholesale,18.1
PROM00424,P0077,Weekend Special,14.1,2023-12-27,2023-12-29,2,Online,All Customers,20.6
PROM00425,P0077,Seasonal Sale,14.2,2024-01-28,2024-02-05,8,In-Store,B2C Consumer,22.6
PROM00426,P0077,Seasonal Sale,17.4,2024-04-23,2024-05-03,10,Online,All Customers,25.5
PROM00427,P0077,Flash Sale,21.7,2024-06-03,2024-06-06,3,Omnichannel,All Customers,36.2
PROM00428,P0077,Clearance,46.8,2024-08-18,2024-08-26,8,Online,B2C Consumer,72.6
PROM00429,P0077,Weekend Special,17.0,2024-10-10,2024-10-12,2,Online,B2B Corporate,25.6
PROM00430,P0077,Weekend Special,17.2,2024-12-14,2024-12-16,2,In-Store,VIP Premium,22.5
PROM00431,P0078,Loyalty Reward,17.8,2023-10-25,2023-10-31,6,Online,Wholesale,26.4
PROM00432,P0078,Weekend Special,10.9,2024-01-09,2024-01-11,2,Online,B2B Corporate,15.1
PROM00433,P0078,Bundle Deal,18.6,2024-03-15,2024-03-22,7,Omnichannel,All Customers,24.6
PROM00434,P0078,Seasonal Sale,15.5,2024-06-15,2024-06-24,9,Online,All Customers,25.0
PROM00435,P0078,Flash Sale,26.4,2024-08-17,2024-08-19,2,Omnichannel,All Customers,35.7
PROM00436,P0078,Bundle Deal,16.8,2024-11-18,2024-11-25,7,In-Store,B2C Consumer,22.5
PROM00437,P0079,Loyalty Reward,15.9,2023-10-11,2023-10-19,8,Online,All Customers,22.6
PROM00438,P0079,Clearance,33.3,2023-12-30,2024-01-04,5,In-Store,B2C Consumer,53.4
PROM00439,P0079,Bundle Deal,16.4,2024-03-08,2024-03-12,4,Omnichannel,Wholesale,23.4
PROM00440,P0079,Clearance,32.9,2024-05-23,2024-05-29,6,Online,All Customers,42.9
PROM00441,P0079,Bundle Deal,8.9,2024-09-12,2024-09-17,5,Omnichannel,B2B Corporate,12.5
PROM00442,P0079,Flash Sale,15.7,2024-11-14,2024-11-16,2,In-Store,VIP Premium,21.3
PROM00443,P0080,Seasonal Sale,21.3,2023-10-16,2023-10-23,7,Online,B2C Consumer,29.2
PROM00444,P0080,Clearance,31.7,2024-01-10,2024-01-19,9,In-Store,VIP Premium,50.6
PROM00445,P0080,Clearance,42.2,2024-04-05,2024-04-14,9,Online,VIP Premium,55.4
PROM00446,P0080,Clearance,42.8,2024-06-01,2024-06-07,6,Omnichannel,Wholesale,67.6
PROM00447,P0080,Flash Sale,27.9,2024-08-20,2024-08-23,3,In-Store,All Customers,40.8
PROM00448,P0080,Seasonal Sale,15.1,2024-11-16,2024-11-24,8,In-Store,VIP Premium,25.3
PROM00449,P0081,Weekend Special,16.0,2023-10-03,2023-10-05,2,Omnichannel,B2C Consumer,22.1
PROM00450,P0081,Seasonal Sale,14.9,2023-12-13,2023-12-23,10,In-Store,B2C Consumer,19.7
PROM00451,P0081,Clearance,47.1,2024-03-09,2024-03-15,6,Omnichannel,Wholesale,74.2
PROM00452,P0081,Loyalty Reward,19.1,2024-05-14,2024-05-21,7,In-Store,All Customers,28.7
PROM00453,P0081,Seasonal Sale,22.1,2024-06-26,2024-07-05,9,In-Store,B2B Corporate,37.1
PROM00454,P0081,Loyalty Reward,14.0,2024-09-28,2024-10-04,6,Online,VIP Premium,22.6
PROM00455,P0081,Bundle Deal,17.7,2024-11-09,2024-11-16,7,In-Store,B2B Corporate,29.5
PROM00456,P0082,Clearance,39.1,2023-11-07,2023-11-16,9,Online,B2B Corporate,61.5
PROM00457,P0082,Flash Sale,33.4,2024-01-21,2024-01-24,3,Omnichannel,Wholesale,53.0
PROM00458,P0082,Bundle Deal,19.7,2024-03-31,2024-04-04,4,Online,VIP Premium,31.1
PROM00459,P0082,Seasonal Sale,11.9,2024-06-04,2024-06-13,9,Omnichannel,B2C Consumer,16.7
PROM00460,P0082,Weekend Special,15.4,2024-09-03,2024-09-05,2,In-Store,All Customers,22.0
PROM00461,P0082,Bundle Deal,13.0,2024-10-30,2024-11-06,7,Online,VIP Premium,21.6
PROM00462,P0083,Weekend Special,17.8,2023-10-21,2023-10-23,2,Online,Wholesale,27.2
PROM00463,P0083,Seasonal Sale,10.5,2023-12-21,2023-12-28,7,Online,All Customers,17.6
PROM00464,P0083,Clearance,42.2,2024-04-02,2024-04-09,7,Omnichannel,B2C Consumer,63.9
PROM00465,P0083,Weekend Special,10.9,2024-06-10,2024-06-12,2,Online,B2C Consumer,15.5
PROM00466,P0083,Clearance,28.9,2024-09-05,2024-09-11,6,Online,B2B Corporate,43.6
PROM00467,P0083,Loyalty Reward,19.2,2024-11-20,2024-11-27,7,Omnichannel,Wholesale,31.2
PROM00468,P0084,Loyalty Reward,17.2,2023-10-18,2023-10-26,8,In-Store,Wholesale,23.7
PROM00469,P0084,Flash Sale,30.8,2024-01-04,2024-01-07,3,Online,Wholesale,49.0
PROM00470,P0084,Seasonal Sale,10.9,2024-03-12,2024-03-20,8,Omnichannel,VIP Premium,18.3
PROM00471,P0084,Loyalty Reward,20.3,2024-05-23,2024-05-31,8,In-Store,All Customers,30.4
PROM00472,P0084,Bundle Deal,9.6,2024-08-31,2024-09-05,5,Online,Wholesale,12.5
PROM00473,P0084,Loyalty Reward,16.3,2024-11-16,2024-11-25,9,Online,B2C Consumer,25.8
PROM00474,P0085,Loyalty Reward,19.3,2023-11-07,2023-11-16,9,Omnichannel,B2C Consumer,31.4
PROM00475,P0085,Seasonal Sale,24.8,2023-12-21,2024-01-03,13,Online,B2B Corporate,37.9
PROM00476,P0085,Loyalty Reward,21.2,2024-04-09,2024-04-17,8,Online,VIP Premium,29.9
PROM00477,P0085,Seasonal Sale,23.8,2024-06-28,2024-07-06,8,Online,VIP Premium,31.5
PROM00478,P0085,Weekend Special,10.5,2024-08-23,2024-08-25,2,Online,Wholesale,16.8
PROM00479,P0085,Bundle Deal,10.0,2024-11-24,2024-11-30,6,Omnichannel,VIP Premium,15.9
PROM00480,P0086,Seasonal Sale,21.4,2023-10-29,2023-11-11,13,Online,B2B Corporate,33.6
PROM00481,P0086,Bundle Deal,19.9,2024-01-03,2024-01-09,6,Online,VIP Premium,32.4
PROM00482,P0086,Seasonal Sale,20.8,2024-03-11,2024-03-22,11,Omnichannel,All Customers,31.6
PROM00483,P0086,Flash Sale,19.6,2024-04-28,2024-05-01,3,Online,B2B Corporate,26.8
PROM00484,P0086,Loyalty Reward,15.7,2024-07-15,2024-07-22,7,Omnichannel,Wholesale,24.6
PROM00485,P0086,Clearance,41.6,2024-09-20,2024-09-27,7,Online,B2B Corporate,60.1
PROM00486,P0086,Loyalty Reward,19.4,2024-12-04,2024-12-12,8,Online,Wholesale,27.7
PROM00487,P0087,Weekend Special,12.8,2023-10-12,2023-10-14,2,Online,Wholesale,21.7
PROM00488,P0087,Seasonal Sale,19.9,2023-12-19,2023-12-27,8,In-Store,VIP Premium,26.7
PROM00489,P0087,Clearance,47.1,2024-04-03,2024-04-08,5,Omnichannel,B2C Consumer,74.8
PROM00490,P0087,Flash Sale,17.9,2024-06-13,2024-06-16,3,Omnichannel,Wholesale,25.5
PROM00491,P0087,Weekend Special,12.4,2024-09-02,2024-09-04,2,Omnichannel,Wholesale,16.5
PROM00492,P0087,Bundle Deal,9.1,2024-11-04,2024-11-09,5,Online,Wholesale,14.2
PROM00493,P0088,Loyalty Reward,18.9,2023-10-05,2023-10-12,7,Online,VIP Premium,29.6
PROM00494,P0088,Flash Sale,20.3,2023-12-16,2023-12-19,3,In-Store,All Customers,27.1
PROM00495,P0088,Bundle Deal,17.8,2024-02-14,2024-02-18,4,Online,All Customers,27.2
PROM00496,P0088,Weekend Special,11.1,2024-04-23,2024-04-25,2,In-Store,B2C Consumer,16.0
PROM00497,P0088,Seasonal Sale,10.2,2024-07-01,2024-07-11,10,In-Store,B2C Consumer,15.8
PROM00498,P0088,Bundle Deal,12.2,2024-09-21,2024-09-27,6,Online,B2C Consumer,17.0
PROM00499,P0088,Flash Sale,25.3,2024-11-15,2024-11-18,3,Online,B2C Consumer,40.4
PROM00500,P0089,Weekend Special,10.9,2023-10-11,2023-10-13,2,Omnichannel,All Customers,16.0
PROM00501,P0089,Weekend Special,15.6,2024-01-11,2024-01-13,2,Online,Wholesale,21.3
PROM00502,P0089,Seasonal Sale,23.3,2024-04-02,2024-04-11,9,Online,B2B Corporate,32.4
PROM00503,P0089,Clearance,42.9,2024-06-02,2024-06-07,5,Omnichannel,VIP Premium,62.8
PROM00504,P0089,Flash Sale,17.2,2024-09-15,2024-09-17,2,Omnichannel,All Customers,27.5
PROM00505,P0089,Clearance,28.6,2024-11-02,2024-11-07,5,Omnichannel,VIP Premium,40.6
PROM00506,P0090,Flash Sale,30.4,2023-10-27,2023-10-29,2,Online,B2B Corporate,50.8
PROM00507,P0090,Weekend Special,14.0,2023-12-20,2023-12-22,2,Online,Wholesale,19.1
PROM00508,P0090,Bundle Deal,9.3,2024-04-10,2024-04-14,4,Online,VIP Premium,13.3
PROM00509,P0090,Flash Sale,31.8,2024-06-15,2024-06-18,3,Omnichannel,B2C Consumer,49.6
PROM00510,P0090,Bundle Deal,10.6,2024-08-10,2024-08-15,5,In-Store,B2B Corporate,16.9
PROM00511,P0090,Loyalty Reward,17.3,2024-12-01,2024-12-08,7,Omnichannel,B2B Corporate,25.1
PROM00512,P0091,Clearance,46.4,2023-11-06,2023-11-12,6,In-Store,B2B Corporate,70.3
PROM00513,P0091,Clearance,34.2,2024-01-08,2024-01-13,5,In-Store,B2B Corporate,53.9
PROM00514,P0091,Seasonal Sale,22.8,2024-03-07,2024-03-17,10,In-Store,Wholesale,34.8
PROM00515,P0091,Clearance,39.8,2024-06-10,2024-06-18,8,Omnichannel,B2B Corporate,53.1
PROM00516,P0091,Seasonal Sale,10.2,2024-09-08,2024-09-15,7,Online,All Customers,13.4
PROM00517,P0091,Flash Sale,27.3,2024-11-10,2024-11-13,3,Online,VIP Premium,45.2
PROM00518,P0092,Flash Sale,22.5,2023-10-21,2023-10-24,3,Omnichannel,B2C Consumer,30.4
PROM00519,P0092,Bundle Deal,14.1,2023-12-28,2024-01-01,4,Online,All Customers,18.9
PROM00520,P0092,Seasonal Sale,22.6,2024-04-02,2024-04-12,10,Omnichannel,All Customers,31.8
PROM00521,P0092,Flash Sale,33.3,2024-06-20,2024-06-23,3,Omnichannel,Wholesale,47.6
PROM00522,P0092,Bundle Deal,8.4,2024-08-28,2024-09-01,4,In-Store,Wholesale,11.0
PROM00523,P0092,Clearance,47.0,2024-11-21,2024-11-28,7,In-Store,B2B Corporate,67.3
PROM00524,P0093,Clearance,34.3,2023-10-08,2023-10-17,9,Omnichannel,All Customers,57.2
PROM00525,P0093,Flash Sale,30.2,2024-01-11,2024-01-13,2,In-Store,All Customers,50.5
PROM00526,P0093,Bundle Deal,9.8,2024-03-20,2024-03-25,5,Online,VIP Premium,16.6
PROM00527,P0093,Bundle Deal,13.6,2024-06-20,2024-06-24,4,Omnichannel,B2C Consumer,21.5
PROM00528,P0093,Bundle Deal,8.3,2024-08-28,2024-09-03,6,Online,Wholesale,13.5
PROM00529,P0093,Loyalty Reward,20.8,2024-11-17,2024-11-25,8,In-Store,B2C Consumer,28.3
PROM00530,P0094,Flash Sale,17.3,2023-10-05,2023-10-08,3,Online,VIP Premium,23.4
PROM00531,P0094,Bundle Deal,12.9,2023-12-27,2023-12-31,4,Omnichannel,B2B Corporate,20.0
PROM00532,P0094,Loyalty Reward,18.7,2024-02-09,2024-02-18,9,In-Store,B2C Consumer,26.1
PROM00533,P0094,Bundle Deal,13.1,2024-04-05,2024-04-12,7,Online,B2B Corporate,22.3
PROM00534,P0094,Seasonal Sale,11.1,2024-06-05,2024-06-17,12,In-Store,B2B Corporate,15.9
PROM00535,P0094,Seasonal Sale,23.5,2024-07-22,2024-08-01,10,Online,VIP Premium,32.7
PROM00536,P0094,Seasonal Sale,13.3,2024-10-02,2024-10-10,8,Online,B2B Corporate,19.7
PROM00537,P0094,Loyalty Reward,20.2,2024-12-09,2024-12-17,8,Online,B2C Consumer,34.2
PROM00538,P0095,Flash Sale,27.3,2023-10-01,2023-10-04,3,In-Store,Wholesale,39.1
PROM00539,P0095,Flash Sale,19.9,2023-12-13,2023-12-15,2,Online,VIP Premium,31.7
PROM00540,P0095,Seasonal Sale,11.7,2024-01-27,2024-02-05,9,In-Store,B2B Corporate,18.0
PROM00541,P0095,Clearance,35.5,2024-04-07,2024-04-15,8,Omnichannel,Wholesale,48.1
PROM00542,P0095,Weekend Special,15.2,2024-05-27,2024-05-29,2,Online,Wholesale,22.8
PROM00543,P0095,Bundle Deal,16.7,2024-08-04,2024-08-09,5,Omnichannel,All Customers,22.8
PROM00544,P0095,Seasonal Sale,12.0,2024-09-21,2024-10-02,11,Online,B2C Consumer,17.1
PROM00545,P0095,Bundle Deal,8.6,2024-12-03,2024-12-07,4,Online,VIP Premium,12.8
PROM00546,P0096,Weekend Special,11.3,2023-10-16,2023-10-18,2,Online,VIP Premium,15.8
PROM00547,P0096,Seasonal Sale,10.2,2023-12-10,2023-12-21,11,Online,Wholesale,16.1
PROM00548,P0096,Flash Sale,29.1,2024-02-21,2024-02-24,3,In-Store,All Customers,42.3
PROM00549,P0096,Seasonal Sale,18.5,2024-04-17,2024-04-27,10,In-Store,Wholesale,29.6
PROM00550,P0096,Weekend Special,16.2,2024-06-10,2024-06-12,2,In-Store,VIP Premium,25.0
PROM00551,P0096,Flash Sale,19.4,2024-08-13,2024-08-16,3,In-Store,VIP Premium,29.9
PROM00552,P0096,Seasonal Sale,12.4,2024-09-25,2024-10-02,7,Omnichannel,B2C Consumer,20.3
PROM00553,P0096,Clearance,34.5,2024-12-09,2024-12-14,5,Online,VIP Premium,50.9
PROM00554,P0097,Clearance,37.6,2023-10-14,2023-10-22,8,Omnichannel,B2C Consumer,61.3
PROM00555,P0097,Loyalty Reward,15.8,2023-12-26,2024-01-02,7,In-Store,Wholesale,25.8
PROM00556,P0097,Flash Sale,31.3,2024-03-07,2024-03-09,2,Online,Wholesale,51.3
PROM00557,P0097,Clearance,31.5,2024-06-19,2024-06-28,9,In-Store,B2B Corporate,46.4
PROM00558,P0097,Clearance,46.9,2024-08-20,2024-08-27,7,In-Store,VIP Premium,68.5
PROM00559,P0097,Seasonal Sale,25.0,2024-10-25,2024-11-02,8,Omnichannel,Wholesale,42.3
PROM00560,P0098,Bundle Deal,18.2,2023-11-03,2023-11-09,6,In-Store,Wholesale,25.2
PROM00561,P0098,Loyalty Reward,18.8,2024-01-25,2024-02-01,7,Online,VIP Premium,30.4
PROM00562,P0098,Clearance,47.8,2024-04-02,2024-04-09,7,Online,VIP Premium,63.2
PROM00563,P0098,Bundle Deal,14.2,2024-06-25,2024-07-01,6,Online,Wholesale,21.1
PROM00564,P0098,Bundle Deal,11.1,2024-09-12,2024-09-18,6,Online,B2B Corporate,17.7
PROM00565,P0098,Flash Sale,22.7,2024-11-26,2024-11-28,2,Omnichannel,All Customers,32.6
PROM00566,P0099,Clearance,29.8,2023-10-22,2023-10-27,5,Online,Wholesale,39.4
PROM00567,P0099,Clearance,38.7,2023-12-15,2023-12-23,8,Online,Wholesale,50.6
PROM00568,P0099,Loyalty Reward,20.1,2024-02-03,2024-02-12,9,Online,Wholesale,26.2
PROM00569,P0099,Clearance,32.4,2024-04-03,2024-04-12,9,Omnichannel,B2B Corporate,48.6
PROM00570,P0099,Flash Sale,33.6,2024-06-19,2024-06-22,3,Omnichannel,VIP Premium,50.4
PROM00571,P0099,Loyalty Reward,15.9,2024-08-12,2024-08-21,9,Online,B2B Corporate,23.9
PROM00572,P0099,Bundle Deal,8.3,2024-10-05,2024-10-12,7,Online,Wholesale,13.8
PROM00573,P0099,Loyalty Reward,19.6,2024-11-26,2024-12-03,7,In-Store,VIP Premium,25.9
PROM00574,P0100,Seasonal Sale,17.8,2023-10-15,2023-10-27,12,Online,All Customers,28.6
PROM00575,P0100,Weekend Special,11.9,2023-12-28,2023-12-30,2,Online,All Customers,17.5
PROM00576,P0100,Weekend Special,11.5,2024-03-04,2024-03-06,2,Online,All Customers,18.2
PROM00577,P0100,Loyalty Reward,21.5,2024-05-21,2024-05-30,9,Online,VIP Premium,35.8
PROM00578,P0100,Clearance,44.1,2024-07-18,2024-07-27,9,In-Store,VIP Premium,71.8
PROM00579,P0100,Clearance,36.9,2024-09-10,2024-09-16,6,Omnichannel,B2B Corporate,60.0
PROM00580,P0100,Bundle Deal,18.6,2024-11-21,2024-11-26,5,In-Store,B2C Consumer,24.9
PROM00581,P0101,Flash Sale,32.5,2023-10-18,2023-10-20,2,In-Store,B2C Consumer,55.0
PROM00582,P0101,Loyalty Reward,16.2,2023-12-17,2023-12-23,6,Omnichannel,VIP Premium,22.7
PROM00583,P0101,Loyalty Reward,20.2,2024-03-06,2024-03-13,7,Omnichannel,B2B Corporate,31.3
PROM00584,P0101,Weekend Special,11.8,2024-05-10,2024-05-12,2,Omnichannel,All Customers,15.8
PROM00585,P0101,Loyalty Reward,16.6,2024-06-28,2024-07-07,9,Online,B2C Consumer,24.0
PROM00586,P0101,Seasonal Sale,14.7,2024-09-16,2024-09-26,10,Omnichannel,Wholesale,23.3
PROM00587,P0101,Loyalty Reward,14.6,2024-11-17,2024-11-22,5,Online,B2C Consumer,23.2
PROM00588,P0102,Clearance,31.8,2023-10-08,2023-10-17,9,Online,Wholesale,45.9
PROM00589,P0102,Weekend Special,15.0,2023-12-17,2023-12-19,2,In-Store,VIP Premium,25.4
PROM00590,P0102,Seasonal Sale,16.8,2024-02-02,2024-02-10,8,Omnichannel,Wholesale,24.4
PROM00591,P0102,Clearance,34.3,2024-04-13,2024-04-21,8,Online,B2B Corporate,50.5
PROM00592,P0102,Loyalty Reward,19.5,2024-05-25,2024-05-30,5,Online,VIP Premium,26.8
PROM00593,P0102,Clearance,31.8,2024-08-07,2024-08-13,6,In-Store,Wholesale,51.2
PROM00594,P0102,Seasonal Sale,19.2,2024-10-03,2024-10-12,9,In-Store,VIP Premium,30.1
PROM00595,P0102,Loyalty Reward,15.3,2024-11-23,2024-12-02,9,Omnichannel,B2C Consumer,25.0
PROM00596,P0103,Flash Sale,21.1,2023-10-22,2023-10-25,3,In-Store,All Customers,31.3
PROM00597,P0103,Loyalty Reward,18.7,2023-12-18,2023-12-26,8,Omnichannel,B2B Corporate,27.5
PROM00598,P0103,Weekend Special,16.3,2024-03-23,2024-03-25,2,Online,B2C Consumer,24.4
PROM00599,P0103,Seasonal Sale,13.2,2024-06-25,2024-07-08,13,Online,B2C Consumer,21.5
PROM00600,P0103,Loyalty Reward,18.4,2024-08-08,2024-08-15,7,In-Store,VIP Premium,29.0
PROM00601,P0103,Loyalty Reward,15.1,2024-11-06,2024-11-13,7,In-Store,All Customers,25.1
PROM00602,P0104,Clearance,43.1,2023-10-13,2023-10-19,6,Omnichannel,Wholesale,58.4
PROM00603,P0104,Bundle Deal,10.6,2023-12-22,2023-12-27,5,Omnichannel,B2C Consumer,17.0
PROM00604,P0104,Bundle Deal,13.4,2024-03-01,2024-03-07,6,Online,All Customers,21.1
PROM00605,P0104,Loyalty Reward,21.2,2024-05-16,2024-05-24,8,In-Store,VIP Premium,29.2
PROM00606,P0104,Flash Sale,24.2,2024-07-17,2024-07-20,3,In-Store,B2B Corporate,33.3
PROM00607,P0104,Flash Sale,17.7,2024-09-21,2024-09-24,3,Online,B2C Consumer,26.7
PROM00608,P0104,Weekend Special,15.1,2024-11-20,2024-11-22,2,In-Store,Wholesale,20.5
PROM00609,P0105,Clearance,38.7,2023-10-14,2023-10-22,8,In-Store,B2B Corporate,57.8
PROM00610,P0105,Clearance,35.2,2024-01-09,2024-01-16,7,In-Store,VIP Premium,58.2
PROM00611,P0105,Flash Sale,32.3,2024-04-11,2024-04-14,3,Online,VIP Premium,52.6
PROM00612,P0105,Bundle Deal,15.8,2024-06-27,2024-07-04,7,Online,Wholesale,26.0
PROM00613,P0105,Seasonal Sale,10.3,2024-08-14,2024-08-22,8,Omnichannel,Wholesale,17.2
PROM00614,P0105,Loyalty Reward,20.0,2024-11-16,2024-11-25,9,Omnichannel,All Customers,31.2
PROM00615,P0106,Clearance,29.6,2023-10-02,2023-10-11,9,Online,B2B Corporate,47.5
PROM00616,P0106,Clearance,31.5,2023-12-13,2023-12-22,9,In-Store,Wholesale,48.9
PROM00617,P0106,Loyalty Reward,18.1,2024-02-13,2024-02-19,6,Online,VIP Premium,27.0
PROM00618,P0106,Seasonal Sale,24.0,2024-04-22,2024-05-04,12,In-Store,Wholesale,34.5
PROM00619,P0106,Bundle Deal,9.6,2024-06-28,2024-07-02,4,Omnichannel,VIP Premium,12.5
PROM00620,P0106,Clearance,34.7,2024-09-15,2024-09-23,8,Online,B2B Corporate,49.7
PROM00621,P0106,Weekend Special,17.6,2024-12-08,2024-12-10,2,Omnichannel,B2B Corporate,28.3
PROM00622,P0107,Weekend Special,17.9,2023-10-16,2023-10-18,2,Omnichannel,Wholesale,30.0
PROM00623,P0107,Loyalty Reward,12.0,2023-12-20,2023-12-29,9,Omnichannel,B2C Consumer,20.3
PROM00624,P0107,Bundle Deal,16.1,2024-02-24,2024-02-28,4,Online,VIP Premium,21.4
PROM00625,P0107,Bundle Deal,18.1,2024-04-22,2024-04-27,5,Online,B2B Corporate,30.0
PROM00626,P0107,Loyalty Reward,17.2,2024-05-27,2024-06-03,7,In-Store,B2C Consumer,24.2
PROM00627,P0107,Clearance,37.7,2024-07-29,2024-08-03,5,Omnichannel,All Customers,54.9
PROM00628,P0107,Bundle Deal,15.9,2024-10-01,2024-10-07,6,Omnichannel,B2C Consumer,21.7
PROM00629,P0107,Weekend Special,15.1,2024-12-12,2024-12-14,2,Omnichannel,B2B Corporate,20.3
PROM00630,P0108,Weekend Special,10.5,2023-10-01,2023-10-03,2,Online,Wholesale,17.4
PROM00631,P0108,Bundle Deal,15.9,2023-12-11,2023-12-18,7,Online,B2B Corporate,24.5
PROM00632,P0108,Flash Sale,23.6,2024-02-15,2024-02-18,3,In-Store,B2B Corporate,39.4
PROM00633,P0108,Flash Sale,15.6,2024-04-08,2024-04-10,2,In-Store,VIP Premium,26.4
PROM00634,P0108,Weekend Special,13.3,2024-05-30,2024-06-01,2,In-Store,Wholesale,21.7
PROM00635,P0108,Flash Sale,29.9,2024-08-08,2024-08-10,2,Online,B2B Corporate,44.9
PROM00636,P0108,Loyalty Reward,18.8,2024-10-07,2024-10-13,6,Omnichannel,All Customers,30.7
PROM00637,P0108,Bundle Deal,12.7,2024-11-17,2024-11-22,5,Online,VIP Premium,18.9
PROM00638,P0109,Bundle Deal,14.2,2023-11-06,2023-11-12,6,In-Store,B2C Consumer,21.4
PROM00639,P0109,Weekend Special,17.1,2024-01-11,2024-01-13,2,Omnichannel,All Customers,28.9
PROM00640,P0109,Loyalty Reward,13.3,2024-04-12,2024-04-20,8,Online,Wholesale,18.3
PROM00641,P0109,Bundle Deal,16.5,2024-06-01,2024-06-07,6,In-Store,All Customers,23.6
PROM00642,P0109,Clearance,33.3,2024-08-30,2024-09-05,6,Online,VIP Premium,47.2
PROM00643,P0109,Seasonal Sale,18.9,2024-11-11,2024-11-23,12,Online,VIP Premium,26.2
PROM00644,P0110,Bundle Deal,15.7,2023-10-04,2023-10-10,6,Online,B2B Corporate,26.4
PROM00645,P0110,Loyalty Reward,19.3,2023-12-27,2024-01-04,8,In-Store,B2B Corporate,30.6
PROM00646,P0110,Loyalty Reward,21.0,2024-03-17,2024-03-24,7,Online,B2B Corporate,30.5
PROM00647,P0110,Loyalty Reward,20.1,2024-05-29,2024-06-05,7,Online,VIP Premium,30.7
PROM00648,P0110,Clearance,44.6,2024-08-12,2024-08-18,6,In-Store,B2C Consumer,69.5
PROM00649,P0110,Clearance,47.2,2024-11-24,2024-12-01,7,In-Store,B2B Corporate,70.1
PROM00650,P0111,Bundle Deal,8.5,2023-10-21,2023-10-26,5,Omnichannel,Wholesale,12.5
PROM00651,P0111,Clearance,47.0,2023-12-10,2023-12-18,8,Omnichannel,Wholesale,61.8
PROM00652,P0111,Flash Sale,25.7,2024-02-01,2024-02-03,2,Online,All Customers,36.9
PROM00653,P0111,Weekend Special,11.6,2024-04-12,2024-04-14,2,Omnichannel,All Customers,19.7
PROM00654,P0111,Bundle Deal,13.0,2024-06-04,2024-06-08,4,Omnichannel,B2B Corporate,17.9
PROM00655,P0111,Flash Sale,18.7,2024-08-06,2024-08-08,2,In-Store,B2B Corporate,26.8
PROM00656,P0111,Bundle Deal,18.0,2024-10-11,2024-10-18,7,Omnichannel,All Customers,28.7
PROM00657,P0111,Flash Sale,27.6,2024-12-10,2024-12-12,2,Omnichannel,B2B Corporate,46.9
PROM00658,P0112,Weekend Special,17.6,2023-10-12,2023-10-14,2,Omnichannel,All Customers,27.2
PROM00659,P0112,Flash Sale,17.9,2023-12-26,2023-12-28,2,Omnichannel,All Customers,25.8
PROM00660,P0112,Clearance,36.1,2024-02-04,2024-02-09,5,Online,B2B Corporate,61.3
PROM00661,P0112,Bundle Deal,8.4,2024-04-19,2024-04-23,4,In-Store,VIP Premium,13.4
PROM00662,P0112,Seasonal Sale,14.3,2024-06-03,2024-06-13,10,Omnichannel,Wholesale,19.9
PROM00663,P0112,Seasonal Sale,16.1,2024-08-11,2024-08-19,8,Omnichannel,All Customers,23.6
PROM00664,P0112,Bundle Deal,17.2,2024-09-26,2024-09-30,4,Online,VIP Premium,26.7
PROM00665,P0112,Weekend Special,17.8,2024-12-08,2024-12-10,2,Online,VIP Premium,25.7
PROM00666,P0113,Weekend Special,10.7,2023-10-27,2023-10-29,2,Omnichannel,All Customers,16.6
PROM00667,P0113,Loyalty Reward,16.0,2023-11-29,2023-12-08,9,Online,All Customers,23.5
PROM00668,P0113,Bundle Deal,11.8,2024-02-17,2024-02-23,6,Omnichannel,Wholesale,16.1
PROM00669,P0113,Weekend Special,15.8,2024-04-08,2024-04-10,2,Omnichannel,VIP Premium,26.7
PROM00670,P0113,Weekend Special,10.0,2024-06-16,2024-06-18,2,Omnichannel,B2C Consumer,16.9
PROM00671,P0113,Loyalty Reward,13.3,2024-08-14,2024-08-20,6,Online,All Customers,19.3
PROM00672,P0113,Flash Sale,25.9,2024-10-01,2024-10-03,2,Online,All Customers,34.5
PROM00673,P0113,Bundle Deal,10.9,2024-11-25,2024-11-30,5,Omnichannel,All Customers,16.4
PROM00674,P0114,Seasonal Sale,22.7,2023-10-01,2023-10-13,12,Omnichannel,Wholesale,35.4
PROM00675,P0114,Flash Sale,26.7,2023-12-21,2023-12-24,3,Omnichannel,VIP Premium,41.9
PROM00676,P0114,Weekend Special,11.5,2024-02-15,2024-02-17,2,Online,All Customers,18.5
PROM00677,P0114,Weekend Special,10.7,2024-05-18,2024-05-20,2,Omnichannel,Wholesale,14.2
PROM00678,P0114,Flash Sale,21.8,2024-07-03,2024-07-06,3,Omnichannel,All Customers,31.7
PROM00679,P0114,Bundle Deal,16.9,2024-09-26,2024-10-02,6,Omnichannel,VIP Premium,24.2
PROM00680,P0114,Bundle Deal,17.3,2024-11-13,2024-11-18,5,Online,B2B Corporate,26.5
PROM00681,P0115,Bundle Deal,13.3,2023-10-01,2023-10-06,5,Online,VIP Premium,20.0
PROM00682,P0115,Seasonal Sale,22.1,2023-12-13,2023-12-20,7,In-Store,B2B Corporate,36.0
PROM00683,P0115,Bundle Deal,14.8,2024-02-13,2024-02-19,6,In-Store,Wholesale,20.6
PROM00684,P0115,Seasonal Sale,14.1,2024-04-19,2024-04-28,9,Online,B2C Consumer,19.2
PROM00685,P0115,Bundle Deal,10.1,2024-07-16,2024-07-23,7,Online,VIP Premium,13.2
PROM00686,P0115,Flash Sale,20.7,2024-09-03,2024-09-06,3,Online,All Customers,34.4
PROM00687,P0115,Bundle Deal,9.6,2024-11-17,2024-11-22,5,Omnichannel,B2C Consumer,13.0
PROM00688,P0116,Seasonal Sale,14.1,2023-11-10,2023-11-22,12,In-Store,All Customers,21.0
PROM00689,P0116,Seasonal Sale,19.0,2024-01-15,2024-01-28,13,Online,All Customers,25.7
PROM00690,P0116,Seasonal Sale,12.6,2024-04-12,2024-04-25,13,Online,B2B Corporate,17.5
PROM00691,P0116,Loyalty Reward,14.2,2024-07-16,2024-07-22,6,Online,B2B Corporate,19.8
PROM00692,P0116,Clearance,37.9,2024-11-19,2024-11-26,7,Omnichannel,B2C Consumer,54.7
PROM00693,P0117,Loyalty Reward,17.6,2023-10-03,2023-10-09,6,Online,Wholesale,24.6
PROM00694,P0117,Bundle Deal,9.1,2024-05-21,2024-05-27,6,Omnichannel,VIP Premium,13.1
PROM00695,P0117,Bundle Deal,11.4,2024-09-17,2024-09-22,5,Online,B2C Consumer,18.9
PROM00696,P0118,Weekend Special,10.8,2023-10-09,2023-10-11,2,Online,B2B Corporate,18.3
PROM00697,P0118,Seasonal Sale,11.1,2024-04-05,2024-04-16,11,Online,B2C Consumer,15.1
PROM00698,P0118,Seasonal Sale,20.1,2024-10-23,2024-11-01,9,Online,B2C Consumer,34.2
PROM00699,P0119,Weekend Special,11.1,2023-12-08,2023-12-10,2,Omnichannel,B2C Consumer,17.3
PROM00700,P0119,Flash Sale,33.3,2024-03-30,2024-04-02,3,Online,Wholesale,50.9
PROM00701,P0119,Flash Sale,27.3,2024-10-26,2024-10-28,2,In-Store,VIP Premium,46.4
PROM00702,P0120,Loyalty Reward,20.7,2023-10-12,2023-10-18,6,Online,B2C Consumer,30.8
PROM00703,P0120,Flash Sale,21.2,2024-03-07,2024-03-10,3,Online,B2C Consumer,31.2
PROM00704,P0120,Seasonal Sale,22.7,2024-05-30,2024-06-11,12,Online,Wholesale,29.6
PROM00705,P0120,Clearance,41.7,2024-11-15,2024-11-20,5,Online,Wholesale,61.1
PROM00706,P0121,Clearance,43.5,2023-12-16,2023-12-21,5,Online,B2B Corporate,73.3
PROM00707,P0121,Flash Sale,27.9,2024-04-04,2024-04-06,2,Online,All Customers,44.3
PROM00708,P0121,Clearance,32.4,2024-10-10,2024-10-19,9,In-Store,VIP Premium,54.1
PROM00709,P0122,Flash Sale,16.1,2023-10-11,2023-10-13,2,Online,B2C Consumer,21.8
PROM00710,P0122,Flash Sale,15.2,2024-01-13,2024-01-15,2,Online,Wholesale,25.1
PROM00711,P0122,Clearance,42.9,2024-04-17,2024-04-24,7,Online,B2C Consumer,61.6
PROM00712,P0122,Flash Sale,18.7,2024-08-16,2024-08-19,3,Omnichannel,B2B Corporate,26.8
PROM00713,P0122,Clearance,47.4,2024-11-13,2024-11-19,6,Online,B2B Corporate,78.0
PROM00714,P0123,Bundle Deal,17.3,2023-11-19,2023-11-24,5,In-Store,B2C Consumer,23.8
PROM00715,P0123,Flash Sale,16.0,2024-03-17,2024-03-20,3,Online,VIP Premium,21.4
PROM00716,P0123,Bundle Deal,14.9,2024-09-09,2024-09-14,5,Omnichannel,VIP Premium,23.9
PROM00717,P0124,Clearance,37.5,2023-10-05,2023-10-10,5,Online,B2C Consumer,63.7
PROM00718,P0124,Clearance,43.6,2024-02-02,2024-02-09,7,In-Store,Wholesale,73.1
PROM00719,P0124,Seasonal Sale,24.7,2024-06-23,2024-07-04,11,Online,VIP Premium,36.8
PROM00720,P0124,Clearance,39.4,2024-11-13,2024-11-22,9,Online,All Customers,66.1
PROM00721,P0125,Flash Sale,23.4,2023-10-02,2023-10-05,3,Online,All Customers,32.5
PROM00722,P0125,Loyalty Reward,17.1,2024-04-30,2024-05-07,7,In-Store,Wholesale,26.4
PROM00723,P0125,Weekend Special,15.2,2024-08-25,2024-08-27,2,Online,VIP Premium,22.3
PROM00724,P0126,Bundle Deal,12.3,2023-10-27,2023-10-31,4,Online,B2C Consumer,17.8
PROM00725,P0126,Clearance,34.1,2024-02-04,2024-02-10,6,Omnichannel,VIP Premium,45.7
PROM00726,P0126,Seasonal Sale,11.7,2024-05-05,2024-05-14,9,In-Store,All Customers,19.1
PROM00727,P0126,Loyalty Reward,21.9,2024-07-19,2024-07-26,7,Online,VIP Premium,33.8
PROM00728,P0126,Weekend Special,13.0,2024-10-20,2024-10-22,2,Online,Wholesale,21.2
PROM00729,P0127,Weekend Special,13.9,2023-10-26,2023-10-28,2,In-Store,All Customers,23.0
PROM00730,P0127,Loyalty Reward,20.7,2024-01-14,2024-01-20,6,In-Store,All Customers,32.5
PROM00731,P0127,Loyalty Reward,12.2,2024-04-11,2024-04-17,6,Omnichannel,All Customers,20.5
PROM00732,P0127,Seasonal Sale,17.5,2024-07-09,2024-07-21,12,Online,VIP Premium,25.9
PROM00733,P0127,Weekend Special,17.6,2024-11-15,2024-11-17,2,Omnichannel,All Customers,24.1
PROM00734,P0128,Loyalty Reward,18.8,2023-11-14,2023-11-20,6,Online,B2B Corporate,27.9
PROM00735,P0128,Weekend Special,13.1,2024-02-09,2024-02-11,2,In-Store,B2B Corporate,18.0
PROM00736,P0128,Weekend Special,12.6,2024-04-19,2024-04-21,2,In-Store,Wholesale,17.0
PROM00737,P0128,Bundle Deal,13.2,2024-07-28,2024-08-01,4,In-Store,B2C Consumer,19.6
PROM00738,P0128,Weekend Special,12.6,2024-11-11,2024-11-13,2,Omnichannel,Wholesale,18.4
PROM00739,P0129,Clearance,43.9,2023-11-10,2023-11-18,8,Online,All Customers,69.9
PROM00740,P0129,Weekend Special,12.4,2024-02-17,2024-02-19,2,In-Store,All Customers,18.2
PROM00741,P0129,Seasonal Sale,12.4,2024-07-15,2024-07-28,13,Online,B2B Corporate,18.1
PROM00742,P0129,Bundle Deal,18.8,2024-11-10,2024-11-15,5,Omnichannel,All Customers,29.8
PROM00743,P0130,Seasonal Sale,10.8,2023-12-07,2023-12-15,8,Omnichannel,All Customers,16.5
PROM00744,P0130,Bundle Deal,12.4,2024-05-20,2024-05-27,7,Online,B2C Consumer,17.7
PROM00745,P0130,Seasonal Sale,14.4,2024-10-01,2024-10-12,11,Online,B2C Consumer,20.7
PROM00746,P0131,Flash Sale,31.5,2023-12-05,2023-12-07,2,Omnichannel,B2C Consumer,43.1
PROM00747,P0131,Clearance,46.1,2024-04-21,2024-04-30,9,In-Store,VIP Premium,71.1
PROM00748,P0131,Loyalty Reward,17.6,2024-08-26,2024-09-03,8,Omnichannel,VIP Premium,27.4
PROM00749,P0132,Bundle Deal,14.1,2023-10-31,2023-11-04,4,Online,VIP Premium,21.1
PROM00750,P0132,Weekend Special,16.0,2024-01-05,2024-01-07,2,Omnichannel,Wholesale,22.1
PROM00751,P0132,Bundle Deal,17.0,2024-04-21,2024-04-25,4,Online,Wholesale,25.5
PROM00752,P0132,Flash Sale,31.7,2024-07-12,2024-07-15,3,Online,Wholesale,47.9
PROM00753,P0132,Weekend Special,17.2,2024-11-03,2024-11-05,2,In-Store,VIP Premium,24.4
PROM00754,P0133,Loyalty Reward,15.6,2023-11-04,2023-11-10,6,In-Store,B2B Corporate,25.3
PROM00755,P0133,Seasonal Sale,17.0,2024-01-27,2024-02-07,11,Online,Wholesale,26.7
PROM00756,P0133,Loyalty Reward,18.8,2024-05-05,2024-05-13,8,Online,B2B Corporate,30.7
PROM00757,P0133,Weekend Special,11.9,2024-07-19,2024-07-21,2,Online,VIP Premium,15.7
PROM00758,P0133,Clearance,39.4,2024-10-17,2024-10-24,7,Omnichannel,Wholesale,63.4
PROM00759,P0134,Seasonal Sale,24.2,2023-10-18,2023-10-30,12,Omnichannel,B2C Consumer,34.9
PROM00760,P0134,Weekend Special,10.5,2024-02-18,2024-02-20,2,Online,All Customers,15.9
PROM00761,P0134,Clearance,44.9,2024-05-16,2024-05-25,9,Omnichannel,B2B Corporate,75.5
PROM00762,P0134,Flash Sale,19.2,2024-07-19,2024-07-22,3,Omnichannel,B2C Consumer,32.6
PROM00763,P0134,Flash Sale,25.9,2024-10-18,2024-10-20,2,In-Store,Wholesale,40.4
PROM00764,P0135,Clearance,32.2,2023-10-06,2023-10-11,5,Omnichannel,B2C Consumer,41.9
PROM00765,P0135,Seasonal Sale,21.5,2024-05-19,2024-06-01,13,Online,B2C Consumer,34.2
PROM00766,P0135,Flash Sale,20.4,2024-08-26,2024-08-28,2,Online,VIP Premium,33.9
